{"cz_num":["1","2","3","4","5","6","7","8","9","10","11","12"],"n":[17,78,627,85,34,78,17,84,33,97,207,25],"Low roof building":[0.588235294117647,0.576923076923077,0.535885167464115,0.470588235294118,0.117647058823529,0.474358974358974,0.235294117647059,0.904761904761905,0.333333333333333,0.525773195876289,0.130434782608696,0.04],"In IBZ/low-rise manufacturing zone":[1,0.807692307692308,0.717703349282297,0.305882352941176,0.147058823529412,0.666666666666667,"NaN",0.904761904761905,0.393939393939394,0.969072164948454,0.0338164251207729,"NaN"],"Low-rise residential zone":["NaN",0.0897435897435897,0.188197767145136,0.341176470588235,0.852941176470588,0.333333333333333,0.0588235294117647,0.0833333333333333,0.606060606060606,0.0309278350515464,0.0966183574879227,1],"In historic district":["NaN",0.0256410256410256,"NaN","NaN","NaN","NaN","NaN","NaN","NaN","NaN",0.00483091787439614,"NaN"],"Owner owns other nearby buildings":[0.529411764705882,0.179487179487179,0.279904306220096,0.564705882352941,0.779411764705882,0.33974358974359,"NaN",0.25,0.666666666666667,0.149484536082474,0.0555555555555556,0.98],"In federal disadvantaged community":[0.647058823529412,"NaN",0.76555023923445,0.235294117647059,0.676470588235294,1,0.705882352941177,0.654761904761905,1,0.494845360824742,0.695652173913043,0.8],"LL97 covered building":[0.352941176470588,0.525641025641026,0.524720893141946,0.894117647058824,0.794117647058823,0.551282051282051,0.823529411764706,0.357142857142857,0.909090909090909,0.505154639175258,0.840579710144927,0.96],"High solar radiation pootential":[0.323529411764706,0.316239316239316,0.257575757575758,0.129411764705882,0.191176470588235,0.316239316239316,0.411764705882353,0.345238095238095,0.28030303030303,0.327319587628866,0.142512077294686,0.08],"In state disadvantaged community":[1,0.833333333333333,0.998405103668262,0.847058823529412,1,1,0.705882352941177,1,1,1,0.352657004830918,0.72],"avg_suitability":[6.88235294117647,5.26923076923077,6.38118022328549,6.10588235294118,6.44117647058824,6.67948717948718,4.41176470588235,7.04761904761905,7.93939393939394,6.16494845360825,3.80676328502415,6.64],"avg_energy_MWh":[395.092773254471,202.9594381189,232.380470931666,148.118964011093,132.478788687741,188.438958806322,153.798465125206,314.476834019462,520.481090029673,307.833211980156,127.408776517435,86.767851440656],"total_energy_MWh":[6716.577145326,15830.8361732742,145702.555274155,12590.1119409429,4504.2788153832,14698.2387868931,2614.5739071285,26416.0540576348,17175.8759709792,29859.8215620751,26373.6167391091,2169.1962860164],"lon":[-73.9470639650834,-73.9568922730233,-73.9411627673542,-73.9787002993949,-74.0062528200483,-73.9001948728808,-73.932807484628,-73.8751254026193,-73.8948765793342,-74.0156837964325,-73.9578007118175,-73.9379002927778],"lat":[40.730670630516,40.7248739929507,40.7060596402279,40.6960226366302,40.6765403392872,40.6698796519824,40.6636263215493,40.6622119920989,40.6526367779171,40.6509607398593,40.6514036780665,40.5951323211969],"cz_top":[0,0,1,0,1,0,0,1,1,0,0,0],"campzone":["Greenpoint IBZ","North Brooklyn Waterfront","Flushing Ave/North Brooklyn IBZ","Fort Greene/BK Navy Yard","Red Hook","East New York IBZ","Crown Heights - Utica Ave","East New York - Flatlands IBZ","Canarsie - Flatlands IBZ","Sunset Park","Prospect Park South","Sheepshead Bay - Nostrand Houses"],"avg_suitability_round":[6.9,5.3,6.4,6.1,6.4,6.7,4.4,7,7.9,6.2,3.8,6.6],"avg_energy_MWh_round":["395 MWh per year","203 MWh per year","232 MWh per year","148 MWh per year","132 MWh per year","188 MWh per year","154 MWh per year","314 MWh per year","520 MWh per year","308 MWh per year","127 MWh per year","87 MWh per year"],"total_energyMWh_round":["6717 MWh per year","15831 MWh per year","145703 MWh per year","12590 MWh per year","4504 MWh per year","14698 MWh per year","2615 MWh per year","26416 MWh per year","17176 MWh per year","29860 MWh per year","26374 MWh per year","2169 MWh per year"]}
